parent_file	scan	sequence	formula	charge
02207a_BB2-TUM_mod_citrullination_l_14_01_01-DDA-1h-R1.mzML	39803	AEmmELNDR*FASYIEK	C84H130N20O31S2	2
02207a_BB2-TUM_mod_citrullination_l_14_01_01-DDA-1h-R1.mzML	43710	AEmMELNDR*FASYIEK	C84H130N20O30S2	2
02207a_BB2-TUM_mod_citrullination_l_14_01_01-DDA-1h-R1.mzML	44578	AEMmELNDR*FASYIEK	C84H130N20O30S2	2
02207a_BB2-TUM_mod_citrullination_l_14_01_01-DDA-1h-R1.mzML	47677	AEMMELNDR*FASYIEK	C84H130N20O29S2	2
02207a_BB3-TUM_mod_citrullination_l_15_01_01-DDA-1h-R1.mzML	7415	AGDKAGR*AGAGmPPYHR	C72H113N25O23S	4
02207a_BB2-TUM_mod_citrullination_l_14_01_01-DDA-1h-R1.mzML	41163	AGFLVTAR*GGSGIVVAR	C72H122N22O21	2
02207a_BB3-TUM_mod_citrullination_l_15_01_01-DDA-1h-R1.mzML	8204	AGR*AGAGmPPYHR	C57H88N20O17S	3
02207a_BB2-TUM_mod_citrullination_l_14_01_01-DDA-1h-R1.mzML	28728	ALAR*EVDLKDYEDQQK	C82H132N22O31	2
02207a_BB3-TUM_mod_citrullination_l_15_01_01-DDA-1h-R1.mzML	47838	ALQEqLATqR*EAIILAR	C83H143N23O29	2
02207a_BB1-TUM_mod_citrullination_l_13_01_01-DDA-1h-R1.mzML	16333	APR*LNHPPEQIDSHSR	C78H123N27O26	3
02207a_BB2-TUM_mod_citrullination_l_14_01_01-DDA-1h-R1.mzML	14110	AVSR*EDSQRPGAHLTVK	C77H130N26O27	4
02207a_BB3-TUM_mod_citrullination_l_15_01_01-DDA-1h-R1.mzML	14219	AVSR*EDSQRPGAHLTVK	C77H130N26O27	4
02207a_BB2-TUM_mod_citrullination_l_14_01_01-DDA-1h-R1.mzML	17819	AVSR*EDSVKPGAHLTVK	C77H131N23O26	4
02207a_BB3-TUM_mod_citrullination_l_15_01_01-DDA-1h-R1.mzML	54128	cDR*VDqLTAQLADLAAR	C78H132N24O30S	2
02207a_BB1-TUM_mod_citrullination_l_13_01_01-DDA-1h-R1.mzML	33471	DIKcSNILLNNR*GqIK	C79H138N24O27S	3
02207a_BB1-TUM_mod_citrullination_l_13_01_01-DDA-1h-R1.mzML	55038	DIWNIFLEKNAPLR*VK	C92H145N23O24	2
02207a_BB2-TUM_mod_citrullination_l_14_01_01-DDA-1h-R1.mzML	44943	DLQSSDR*LSNHISSLFR	C83H134N26O30	3
02207a_BB1-TUM_mod_citrullination_l_13_01_01-DDA-1h-R1.mzML	42601	DQLAAEAAAR*LEAqAR	C69H116N22O27	2
02207a_BB1-TUM_mod_citrullination_l_13_01_01-DDA-1h-R1.mzML	12567	DSDMGSRPESMGcR*K	C64H108N22O27S3	2
02207a_BB3-TUM_mod_citrullination_l_15_01_01-DDA-1h-R1.mzML	11592	DSHHPAR*TAHYGSLPQK	C82H123N27O26	4
02207a_BB2-TUM_mod_citrullination_l_14_01_01-DDA-1h-R1.mzML	60470	DTGILDSIGR*FFGGDR	C75H115N21O26	2
02207a_BB1-TUM_mod_citrullination_l_13_01_01-DDA-1h-R1.mzML	47973	EAFAEQFLR*GSDYAIR	C84H124N22O27	2
02207a_BB1-TUM_mod_citrullination_l_13_01_01-DDA-1h-R1.mzML	21623	EDAANNYAR*GHYTIGK	C76H113N23O27	2
02207a_BB2-TUM_mod_citrullination_l_14_01_01-DDA-1h-R1.mzML	7537	EDR*SDGSAPSTSTASSK	C64H106N20O33	2
02207a_BB3-TUM_mod_citrullination_l_15_01_01-DDA-1h-R1.mzML	36697	EDTEEHHLR*DYFEEYGK	C96H132N24O36	3
02207a_BB3-TUM_mod_citrullination_l_15_01_01-DDA-1h-R1.mzML	36697	EDTEEHHLR*DYFEqYGK	C96H132N24O36	3
02207a_BB1-TUM_mod_citrullination_l_13_01_01-DDA-1h-R1.mzML	11156	EEQELHDIHSTR*SK	C70H112N22O28	3
02207a_BB1-TUM_mod_citrullination_l_13_01_01-DDA-1h-R1.mzML	26117	EIQSITDESR*GSIR	C64H110N20O27	2
02207a_BB1-TUM_mod_citrullination_l_13_01_01-DDA-1h-R1.mzML	22312	EREIQSITDESR*	C58H98N18O26	2
02207a_BB1-TUM_mod_citrullination_l_13_01_01-DDA-1h-R1.mzML	25052	EREIQSITDESR*GSIR	C75H129N25O31	3
02207a_BB1-TUM_mod_citrullination_l_13_01_01-DDA-1h-R1.mzML	38008	ER*YFDR*INENDPEYIR	C93H135N25O33	2
02207a_BB1-TUM_mod_citrullination_l_13_01_01-DDA-1h-R1.mzML	37244	ER*YFDRInENDPEYIR	C93H135N25O33	3
02207a_BB1-TUM_mod_citrullination_l_13_01_01-DDA-1h-R1.mzML	34037	ER*YFDRINEnDPEYIR	C93H135N25O33	2
02207a_BB2-TUM_mod_citrullination_l_14_01_01-DDA-1h-R1.mzML	34717	ER*YFDRINEnDPEYIR	C93H135N25O33	3
02207a_BB2-TUM_mod_citrullination_l_14_01_01-DDA-1h-R1.mzML	34188	ERYFDR*INEnDPEYIR	C93H135N25O33	2
02207a_BB1-TUM_mod_citrullination_l_13_01_01-DDA-1h-R1.mzML	37238	ERYFDR*INENDPEYIR	C93H136N26O32	2
02207a_BB2-TUM_mod_citrullination_l_14_01_01-DDA-1h-R1.mzML	38380	ETPIKR*GqVVSSLLcR	C78H137N23O26S	2
02207a_BB2-TUM_mod_citrullination_l_14_01_01-DDA-1h-R1.mzML	26326	ETR*ASER*AEMmELNDR	C75H126N24O33S2	2
02207a_BB2-TUM_mod_citrullination_l_14_01_01-DDA-1h-R1.mzML	30860	ETR*ASER*AEMMELNDR	C75H126N24O32S2	2
02207a_BB2-TUM_mod_citrullination_l_14_01_01-DDA-1h-R1.mzML	31004	ETR*ASERAEMMELNDR	C75H127N25O31S2	2
02207a_BB2-TUM_mod_citrullination_l_14_01_01-DDA-1h-R1.mzML	31165	ETRASER*AEMMELNDR	C75H127N25O31S2	2
02207a_BB2-TUM_mod_citrullination_l_14_01_01-DDA-1h-R1.mzML	54698	FAAAYGFR*NIQNmILK	C86H132N22O23S	2
02207a_BB2-TUM_mod_citrullination_l_14_01_01-DDA-1h-R1.mzML	54622	FAAAYGFR*NIQNMILK	C86H132N22O22S	2
02207a_BB1-TUM_mod_citrullination_l_13_01_01-DDA-1h-R1.mzML	46422	FADLTDAAAR*NAELLR	C75H122N22O26	2
02207a_BB2-TUM_mod_citrullination_l_14_01_01-DDA-1h-R1.mzML	53993	FLAR*LDSqLEILSPSR	C82H135N21O27	2
02207a_BB3-TUM_mod_citrullination_l_15_01_01-DDA-1h-R1.mzML	53322	FLAR*LDSqLEILSPSR	C82H135N21O27	2
02207a_BB1-TUM_mod_citrullination_l_13_01_01-DDA-1h-R1.mzML	12371	GGGYGGDR*GGGYGGDR	C58H83N21O24	2
02207a_BB2-TUM_mod_citrullination_l_14_01_01-DDA-1h-R1.mzML	12452	GGGYGGDR*GGGYGGDR	C58H83N21O24	2
02207a_BB1-TUM_mod_citrullination_l_13_01_01-DDA-1h-R1.mzML	12603	GGYGGDR*GGGYGGDR	C56H80N20O23	2
02207a_BB2-TUM_mod_citrullination_l_14_01_01-DDA-1h-R1.mzML	12530	GGYGGDR*SGGGYGGDR	C59H85N21O25	2
02207a_BB2-TUM_mod_citrullination_l_14_01_01-DDA-1h-R1.mzML	42106	GNLLQcIcTGnGR*GEWK	C81H129N25O28S2	2
02207a_BB3-TUM_mod_citrullination_l_15_01_01-DDA-1h-R1.mzML	31055	GPR*GIqGITGPPGDPGPK	C74H119N21O25	2
02207a_BB1-TUM_mod_citrullination_l_13_01_01-DDA-1h-R1.mzML	22027	GR*qVSSEcQGEmLDYR	C76H121N23O32S2	2
02207a_BB1-TUM_mod_citrullination_l_13_01_01-DDA-1h-R1.mzML	28118	GR*qVSSEcQGEMLDYR	C76H121N23O31S2	2
02207a_BB1-TUM_mod_citrullination_l_13_01_01-DDA-1h-R1.mzML	22186	GR*QVSSEcQGEmLDYR	C76H122N24O31S2	2
02207a_BB1-TUM_mod_citrullination_l_13_01_01-DDA-1h-R1.mzML	28261	GR*QVSSEcQGEMLDYR	C76H122N24O30S2	2
02207a_BB3-TUM_mod_citrullination_l_15_01_01-DDA-1h-R1.mzML	18081	GR*qVSSEcQGEmLDYRR	C82H133N27O33S2	3
02207a_BB3-TUM_mod_citrullination_l_15_01_01-DDA-1h-R1.mzML	23427	GR*qVSSEcQGEMLDYRR	C82H133N27O32S2	3
02207a_BB1-TUM_mod_citrullination_l_13_01_01-DDA-1h-R1.mzML	25392	GTNESLER*qMREQEER	C77H128N26O34S	3
02207a_BB3-TUM_mod_citrullination_l_15_01_01-DDA-1h-R1.mzML	7119	HR*ADHPPAEVTSHAASGAK	C81H126N28O28	4
02207a_BB2-TUM_mod_citrullination_l_14_01_01-DDA-1h-R1.mzML	26304	HR*HPDEAAFFDTASTGK	C82H118N24O28	3
02207a_BB1-TUM_mod_citrullination_l_13_01_01-DDA-1h-R1.mzML	33920	IAELR*EELqmDQQAK	C75H126N20O30S	2
02207a_BB1-TUM_mod_citrullination_l_13_01_01-DDA-1h-R1.mzML	32902	IAELR*EELqmDQQAKK	C81H138N22O31S	3
02207a_BB1-TUM_mod_citrullination_l_13_01_01-DDA-1h-R1.mzML	32824	IAELR*EELqMDQQAKK	C81H138N22O30S	3
02207a_BB1-TUM_mod_citrullination_l_13_01_01-DDA-1h-R1.mzML	14378	IAYQR*NDDDEEEAAR	C72H110N22O32	2
02207a_BB1-TUM_mod_citrullination_l_13_01_01-DDA-1h-R1.mzML	51032	IDAER*qAAAAAcQLFK	C75H121N21O26S	2
02207a_BB2-TUM_mod_citrullination_l_14_01_01-DDA-1h-R1.mzML	30770	IIVEKPFGR*DLQSSDR	C81H133N23O27	3
02207a_BB2-TUM_mod_citrullination_l_14_01_01-DDA-1h-R1.mzML	55433	IQALESNLEnLLTR*	C69H118N18O26	2
02207a_BB2-TUM_mod_citrullination_l_14_01_01-DDA-1h-R1.mzML	51837	IQALESNLEnLLTR*ETK	C84H144N22O32	2
02207a_BB2-TUM_mod_citrullination_l_14_01_01-DDA-1h-R1.mzML	42118	ISnFHYLmqLnR*	C69H102N16O23S	2
02207a_BB2-TUM_mod_citrullination_l_14_01_01-DDA-1h-R1.mzML	47467	ISnFHYLMqLnR*	C69H102N16O22S	2
02207a_BB2-TUM_mod_citrullination_l_14_01_01-DDA-1h-R1.mzML	48051	ISnFHYLmqLnR*LAGR	C86H133N23O27S	3
02207a_BB2-TUM_mod_citrullination_l_14_01_01-DDA-1h-R1.mzML	50555	ISnFHYLMqLnR*LAGR	C86H133N23O26S	3
02207a_BB2-TUM_mod_citrullination_l_14_01_01-DDA-1h-R1.mzML	50595	ISnFHYLMqLnRLAGR*	C86H133N23O26S	2
02207a_BB2-TUM_mod_citrullination_l_14_01_01-DDA-1h-R1.mzML	28820	ITR*LQEKEDLQELNDR	C83H141N25O32	3
02207a_BB1-TUM_mod_citrullination_l_13_01_01-DDA-1h-R1.mzML	21836	LEEQFR*SDAAmqK	C65H103N17O26S	2
02207a_BB1-TUM_mod_citrullination_l_13_01_01-DDA-1h-R1.mzML	26059	LEEQFR*SDAAMqK	C65H103N17O25S	2
02207a_BB1-TUM_mod_citrullination_l_13_01_01-DDA-1h-R1.mzML	50679	LGER*LqELELqLR	C69H118N18O25	2
02207a_BB2-TUM_mod_citrullination_l_14_01_01-DDA-1h-R1.mzML	47954	LGERLqELELqLR*	C69H118N18O25	2
02207a_BB1-TUM_mod_citrullination_l_13_01_01-DDA-1h-R1.mzML	46825	LGER*LqELELqLRESR	C83H142N24O31	3
02207a_BB2-TUM_mod_citrullination_l_14_01_01-DDA-1h-R1.mzML	45254	LGERLqELELqLR*ESR	C83H142N24O31	2
02207a_BB2-TUM_mod_citrullination_l_14_01_01-DDA-1h-R1.mzML	46548	LSLVIR*SPSLLQSGAK	C74H132N20O23	2
02207a_BB2-TUM_mod_citrullination_l_14_01_01-DDA-1h-R1.mzML	41794	LSLVIR*SPSLLQSGAKK	C80H144N22O24	3
02207a_BB1-TUM_mod_citrullination_l_13_01_01-DDA-1h-R1.mzML	7944	LTR*DAQSPDESK	C54H90N16O24	2
02207a_BB1-TUM_mod_citrullination_l_13_01_01-DDA-1h-R1.mzML	7506	LTR*DAQSPDESKTnEK	C73H121N21O33	3
02207a_BB1-TUM_mod_citrullination_l_13_01_01-DDA-1h-R1.mzML	6690	LTR*DAQSPDESKTNEK	C73H122N22O32	3
02207a_BB1-TUM_mod_citrullination_l_13_01_01-DDA-1h-R1.mzML	29343	LWqHVTR*AISK	C61H97N17O17	2
02207a_BB1-TUM_mod_citrullination_l_13_01_01-DDA-1h-R1.mzML	25739	LWqHVTR*AISKGDqHR	C84H131N27O26	4
02207a_BB1-TUM_mod_citrullination_l_13_01_01-DDA-1h-R1.mzML	25664	LWQHVTR*AISKGDqHR	C84H132N28O25	5
02207a_BB3-TUM_mod_citrullination_l_15_01_01-DDA-1h-R1.mzML	48460	mAmqR*nLcTLELFSVnR	C87H143N23O32S3	2
02207a_BB3-TUM_mod_citrullination_l_15_01_01-DDA-1h-R1.mzML	48299	mAmQR*nLcTLELFSVnR	C87H144N24O31S3	2
02207a_BB3-TUM_mod_citrullination_l_15_01_01-DDA-1h-R1.mzML	52251	mAMqR*nLcTLELFSVnR	C87H143N23O31S3	2
02207a_BB3-TUM_mod_citrullination_l_15_01_01-DDA-1h-R1.mzML	52533	mAMQR*nLcTLELFSVnR	C87H144N24O30S3	2
02207a_BB3-TUM_mod_citrullination_l_15_01_01-DDA-1h-R1.mzML	49915	MAmqR*nLcTLELFSVnR	C87H143N23O31S3	2
02207a_BB3-TUM_mod_citrullination_l_15_01_01-DDA-1h-R1.mzML	52383	MAmQR*nLcTLELFSVnR	C87H144N24O30S3	2
02207a_BB3-TUM_mod_citrullination_l_15_01_01-DDA-1h-R1.mzML	55354	MAMqR*nLcTLELFSVnR	C87H143N23O30S3	2
02207a_BB3-TUM_mod_citrullination_l_15_01_01-DDA-1h-R1.mzML	55355	MAMQR*nLcTLELFSVnR	C87H144N24O29S3	2
02207a_BB2-TUM_mod_citrullination_l_14_01_01-DDA-1h-R1.mzML	40723	mAR*LqEEHGDqLLSIR	C81H133N23O31S	2
02207a_BB1-TUM_mod_citrullination_l_13_01_01-DDA-1h-R1.mzML	42702	mEIR*LEILTSTGIKqK	C81H144N20O28S	3
02207a_BB1-TUM_mod_citrullination_l_13_01_01-DDA-1h-R1.mzML	47089	MEIR*LEILTSTGIKqK	C81H144N20O27S	3
02207a_BB2-TUM_mod_citrullination_l_14_01_01-DDA-1h-R1.mzML	50633	mEVAR*IqLQIQETLQR	C83H144N24O29S	2
02207a_BB2-TUM_mod_citrullination_l_14_01_01-DDA-1h-R1.mzML	55828	MEVAR*IqLQIQETLQR	C83H144N24O28S	2
02207a_BB3-TUM_mod_citrullination_l_15_01_01-DDA-1h-R1.mzML	55378	MEVAR*IqLQIQETLQR	C83H144N24O28S	2
02207a_BB2-TUM_mod_citrullination_l_14_01_01-DDA-1h-R1.mzML	55980	MEVAR*IQLqIQETLQR	C83H144N24O28S	2
02207a_BB3-TUM_mod_citrullination_l_15_01_01-DDA-1h-R1.mzML	19120	mqQTKQQR*EnIqqVSqK	C85H142N24O37S	3
02207a_BB3-TUM_mod_citrullination_l_15_01_01-DDA-1h-R1.mzML	21211	MqQTKQQR*EnIqqVSqK	C85H142N24O36S	2
02207a_BB3-TUM_mod_citrullination_l_15_01_01-DDA-1h-R1.mzML	15408	nGGR*GGWSDNGcSVKDR	C71H110N26O29S	3
02207a_BB3-TUM_mod_citrullination_l_15_01_01-DDA-1h-R1.mzML	15118	NGGR*GGWSDnGcSVKDR	C71H110N26O29S	3
02207a_BB3-TUM_mod_citrullination_l_15_01_01-DDA-1h-R1.mzML	13971	NGGR*GGWSDNGcSVKDR	C71H111N27O28S	3
02207a_BB2-TUM_mod_citrullination_l_14_01_01-DDA-1h-R1.mzML	31799	nIVVKTVEmR*DGEVIK	C79H138N20O28S	2
02207a_BB1-TUM_mod_citrullination_l_13_01_01-DDA-1h-R1.mzML	15512	NKYLHSPESR*PVTGER	C80H127N25O27	4
02207a_BB1-TUM_mod_citrullination_l_13_01_01-DDA-1h-R1.mzML	36729	NLRSVFTVEqqR*	C63H102N18O23	2
02207a_BB2-TUM_mod_citrullination_l_14_01_01-DDA-1h-R1.mzML	48490	NLR*SVFTVEqqRILQR	C86H144N26O28	3
02207a_BB1-TUM_mod_citrullination_l_13_01_01-DDA-1h-R1.mzML	46526	NLRSVFTVEqqR*ILQR	C86H144N26O28	3
02207a_BB2-TUM_mod_citrullination_l_14_01_01-DDA-1h-R1.mzML	32502	NQPAR*FKNYAELTImK	C86H137N23O26S	3
02207a_BB2-TUM_mod_citrullination_l_14_01_01-DDA-1h-R1.mzML	37759	NQPAR*FKNYAELTIMK	C86H137N23O25S	3
02207a_BB2-TUM_mod_citrullination_l_14_01_01-DDA-1h-R1.mzML	36827	NR*TTFnSSQLQALER	C73H119N23O28	2
02207a_BB1-TUM_mod_citrullination_l_13_01_01-DDA-1h-R1.mzML	22454	qEIR*qqIGTK	C50H85N13O21	2
02207a_BB2-TUM_mod_citrullination_l_14_01_01-DDA-1h-R1.mzML	38253	QmIYSAAR*AIAGmYK	C74H119N19O23S2	2
02207a_BB2-TUM_mod_citrullination_l_14_01_01-DDA-1h-R1.mzML	43917	QmIYSAAR*AIAGMYK	C74H119N19O22S2	2
02207a_BB2-TUM_mod_citrullination_l_14_01_01-DDA-1h-R1.mzML	42370	QMIYSAAR*AIAGmYK	C74H119N19O22S2	2
02207a_BB2-TUM_mod_citrullination_l_14_01_01-DDA-1h-R1.mzML	48625	QMIYSAAR*AIAGMYK	C74H119N19O21S2	2
02207a_BB3-TUM_mod_citrullination_l_15_01_01-DDA-1h-R1.mzML	19602	qqTKqQR*EnIqqVSqK	C80H131N21O37	3
02207a_BB2-TUM_mod_citrullination_l_14_01_01-DDA-1h-R1.mzML	39672	qR*PYVVTFcGVnGVGK	C79H122N20O25S	2
02207a_BB3-TUM_mod_citrullination_l_15_01_01-DDA-1h-R1.mzML	39737	qR*PYVVTFcGVnGVGK	C79H122N20O25S	2
02207a_BB3-TUM_mod_citrullination_l_15_01_01-DDA-1h-R1.mzML	40534	QR*PYVVTFcGVnGVGK	C79H123N21O24S	2
02207a_BB2-TUM_mod_citrullination_l_14_01_01-DDA-1h-R1.mzML	29091	R*DTVEVALEDK	C53H90N14O22	2
02207a_BB2-TUM_mod_citrullination_l_14_01_01-DDA-1h-R1.mzML	31985	R*DTVEVALEDKGDSTFR	C81H131N23O32	3
02207a_BB2-TUM_mod_citrullination_l_14_01_01-DDA-1h-R1.mzML	25966	R*GALFGmPGGSGGR	C55H89N19O18S	2
02207a_BB2-TUM_mod_citrullination_l_14_01_01-DDA-1h-R1.mzML	11178	R*GEEGHDPKEPEQLR	C73H116N24O28	3
02207a_BB1-TUM_mod_citrullination_l_13_01_01-DDA-1h-R1.mzML	42221	R*GFGFVTFDDHDPVDK	C84H117N21O27	2
02207a_BB2-TUM_mod_citrullination_l_14_01_01-DDA-1h-R1.mzML	35710	R*GqVVSSLLcR	C52H93N17O18S	2
02207a_BB2-TUM_mod_citrullination_l_14_01_01-DDA-1h-R1.mzML	32893	R*GTFTDcALANmTEQIR	C81H133N25O30S2	2
02207a_BB2-TUM_mod_citrullination_l_14_01_01-DDA-1h-R1.mzML	43829	R*GTFTDcALANMTEQIR	C81H133N25O29S2	2
02207a_BB3-TUM_mod_citrullination_l_15_01_01-DDA-1h-R1.mzML	26525	R*HEmPPHIYAISESAYR	C91H136N26O28S	3
02207a_BB3-TUM_mod_citrullination_l_15_01_01-DDA-1h-R1.mzML	28897	R*HEMPPHIYAISESAYR	C91H136N26O27S	3
02207a_BB2-TUM_mod_citrullination_l_14_01_01-DDA-1h-R1.mzML	10316	R*HYnGEAYEDDEHHPR	C85H115N27O32	4
02207a_BB1-TUM_mod_citrullination_l_13_01_01-DDA-1h-R1.mzML	31857	R*NRTTFnSSQLQALER	C79H131N27O29	2
02207a_BB2-TUM_mod_citrullination_l_14_01_01-DDA-1h-R1.mzML	47791	R*PSLGELLLR	C51H91N15O15	2
02207a_BB2-TUM_mod_citrullination_l_14_01_01-DDA-1h-R1.mzML	34372	R*PSLGELLLRHAHSPTR	C84H141N29O24	4
02207a_BB3-TUM_mod_citrullination_l_15_01_01-DDA-1h-R1.mzML	33697	RPSLGELLLR*HAHSPTR	C84H141N29O24	4
02207a_BB2-TUM_mod_citrullination_l_14_01_01-DDA-1h-R1.mzML	33846	RQmIYSAAR*AIAGmYK	C80H131N23O24S2	3
02207a_BB2-TUM_mod_citrullination_l_14_01_01-DDA-1h-R1.mzML	43756	RQMIYSAAR*AIAGMYK	C80H131N23O22S2	3
02207a_BB3-TUM_mod_citrullination_l_15_01_01-DDA-1h-R1.mzML	38821	R*QR*PYVVTFcGVnGVGK	C85H134N24O26S	2
02207a_BB2-TUM_mod_citrullination_l_14_01_01-DDA-1h-R1.mzML	35749	RqR*PYVVTFcGVnGVGK	C85H134N24O26S	3
02207a_BB3-TUM_mod_citrullination_l_15_01_01-DDA-1h-R1.mzML	35042	RqR*PYVVTFcGVnGVGK	C85H134N24O26S	3
02207a_BB3-TUM_mod_citrullination_l_15_01_01-DDA-1h-R1.mzML	35186	RQR*PYVVTFcGVnGVGK	C85H135N25O25S	3
02207a_BB2-TUM_mod_citrullination_l_14_01_01-DDA-1h-R1.mzML	11026	R*R*HYnGEAYEDDEHHPR	C91H126N30O34	4
02207a_BB2-TUM_mod_citrullination_l_14_01_01-DDA-1h-R1.mzML	10863	RR*HYnGEAYEDDEHHPR	C91H127N31O33	4
02207a_BB3-TUM_mod_citrullination_l_15_01_01-DDA-1h-R1.mzML	37548	R*R*SSAqLqGcLLScGVR	C77H134N26O29S2	2
02207a_BB3-TUM_mod_citrullination_l_15_01_01-DDA-1h-R1.mzML	37549	RR*SSAqLqGcLLScGVR	C77H135N27O28S2	2
02207a_BB3-TUM_mod_citrullination_l_15_01_01-DDA-1h-R1.mzML	15176	R*SELSQDAEPAGSQETK	C73H120N22O33	2
02207a_BB1-TUM_mod_citrullination_l_13_01_01-DDA-1h-R1.mzML	18015	R*SR*SGEGEVSGLmR	C59H103N21O25S	2
02207a_BB3-TUM_mod_citrullination_l_15_01_01-DDA-1h-R1.mzML	37139	R*SSAqLqGcLLScGVR	C71H123N23O27S2	2
02207a_BB3-TUM_mod_citrullination_l_15_01_01-DDA-1h-R1.mzML	21847	R*SYESVEGNIK	C54H87N15O21	2
02207a_BB3-TUM_mod_citrullination_l_15_01_01-DDA-1h-R1.mzML	19742	R*SYESVEGNIKQGmSmR	C80H133N25O31S2	3
02207a_BB3-TUM_mod_citrullination_l_15_01_01-DDA-1h-R1.mzML	31039	R*SYESVEGNIKQGMSMR	C80H133N25O29S2	2
02207a_BB2-TUM_mod_citrullination_l_14_01_01-DDA-1h-R1.mzML	44240	R*TEEGYYEAITAVELK	C83H129N19O30	2
02207a_BB3-TUM_mod_citrullination_l_15_01_01-DDA-1h-R1.mzML	36474	R*VAGGPqmIQLSLDGK	C71H122N20O25S	2
02207a_BB3-TUM_mod_citrullination_l_15_01_01-DDA-1h-R1.mzML	42579	R*VAGGPqMIQLSLDGK	C71H122N20O24S	2
02207a_BB3-TUM_mod_citrullination_l_15_01_01-DDA-1h-R1.mzML	32171	R*VAGGPqmIQLSLDGKR	C77H134N24O26S	3
02207a_BB3-TUM_mod_citrullination_l_15_01_01-DDA-1h-R1.mzML	37690	R*VAGGPqMIQLSLDGKR	C77H134N24O25S	2
02207a_BB1-TUM_mod_citrullination_l_13_01_01-DDA-1h-R1.mzML	12593	SGGGYGGDR*GGGYGGDR	C61H88N22O26	2
02207a_BB2-TUM_mod_citrullination_l_14_01_01-DDA-1h-R1.mzML	12863	SGGGYGGDR*GGGYGGDR	C61H88N22O26	2
02207a_BB2-TUM_mod_citrullination_l_14_01_01-DDA-1h-R1.mzML	12760	SGGYGGDR*SGGGYGGDR	C62H90N22O27	2
02207a_BB3-TUM_mod_citrullination_l_15_01_01-DDA-1h-R1.mzML	6339	SGQAQER*QESHEQEVNR	C78H125N29O34	3
02207a_BB1-TUM_mod_citrullination_l_13_01_01-DDA-1h-R1.mzML	20553	SGR*DPNHFRPAGLPEK	C77H119N25O24	4
02207a_BB1-TUM_mod_citrullination_l_13_01_01-DDA-1h-R1.mzML	34255	SHGR*TQDENPVVHFFK	C84H123N25O26	4
02207a_BB1-TUM_mod_citrullination_l_13_01_01-DDA-1h-R1.mzML	12064	SKEEQELHDIHSTR*SK	C79H129N25O31	4
02207a_BB3-TUM_mod_citrullination_l_15_01_01-DDA-1h-R1.mzML	38767	SPmSFFER*TPSGnLVNR	C84H129N23O29S	2
02207a_BB3-TUM_mod_citrullination_l_15_01_01-DDA-1h-R1.mzML	44792	SPMSFFER*TPSGnLVNR	C84H129N23O28S	3
02207a_BB2-TUM_mod_citrullination_l_14_01_01-DDA-1h-R1.mzML	10797	SR*EqmEQLR	C46H79N15O20S	2
02207a_BB2-TUM_mod_citrullination_l_14_01_01-DDA-1h-R1.mzML	20276	SR*EqMEQLR	C46H79N15O19S	2
02207a_BB2-TUM_mod_citrullination_l_14_01_01-DDA-1h-R1.mzML	37765	SR*EqmEqLRNELLqER	C83H139N25O35S	2
02207a_BB2-TUM_mod_citrullination_l_14_01_01-DDA-1h-R1.mzML	37914	SR*EqmEQLR*NELLqER	C83H139N25O35S	2
02207a_BB2-TUM_mod_citrullination_l_14_01_01-DDA-1h-R1.mzML	32618	SR*EqmEQLRnELLqER	C83H139N25O35S	3
02207a_BB3-TUM_mod_citrullination_l_15_01_01-DDA-1h-R1.mzML	29402	SR*EqmEQLRnELLqER	C83H139N25O35S	3
02207a_BB2-TUM_mod_citrullination_l_14_01_01-DDA-1h-R1.mzML	42474	SR*EqMEQLRnELLqER	C83H139N25O34S	3
02207a_BB2-TUM_mod_citrullination_l_14_01_01-DDA-1h-R1.mzML	38059	SR*EQmEqLRnELLqER	C83H139N25O35S	2
02207a_BB3-TUM_mod_citrullination_l_15_01_01-DDA-1h-R1.mzML	33753	SR*EQmEqLRnELLqER	C83H139N25O35S	2
02207a_BB1-TUM_mod_citrullination_l_13_01_01-DDA-1h-R1.mzML	35066	SREqmEQLR*nELLqER	C83H139N25O35S	3
02207a_BB1-TUM_mod_citrullination_l_13_01_01-DDA-1h-R1.mzML	43563	SREqMEQLR*nELLqER	C83H139N25O34S	3
02207a_BB1-TUM_mod_citrullination_l_13_01_01-DDA-1h-R1.mzML	5541	SRmGPSGGEGmEPER*R	C67H112N24O28S2	3
02207a_BB1-TUM_mod_citrullination_l_13_01_01-DDA-1h-R1.mzML	9435	SRMGPSGGEGmEPER*R	C67H112N24O27S2	3
02207a_BB2-TUM_mod_citrullination_l_14_01_01-DDA-1h-R1.mzML	17821	SR*SGEGEVSGLmR	C53H92N18O23S	2
02207a_BB2-TUM_mod_citrullination_l_14_01_01-DDA-1h-R1.mzML	27210	SR*SGEGEVSGLMR	C53H92N18O22S	2
02207a_BB3-TUM_mod_citrullination_l_15_01_01-DDA-1h-R1.mzML	17778	SRSGEGEVSGLmR*	C53H92N18O23S	2
02207a_BB1-TUM_mod_citrullination_l_13_01_01-DDA-1h-R1.mzML	13894	SR*SGEGEVSGLmRK	C59H104N20O24S	3
02207a_BB1-TUM_mod_citrullination_l_13_01_01-DDA-1h-R1.mzML	22200	SR*SGEGEVSGLMRK	C59H104N20O23S	3
02207a_BB2-TUM_mod_citrullination_l_14_01_01-DDA-1h-R1.mzML	22273	SR*SGEGEVSGLMRK	C59H104N20O23S	3
02207a_BB2-TUM_mod_citrullination_l_14_01_01-DDA-1h-R1.mzML	26302	SSR*IGEIKEETTSHLR	C76H130N24O29	4
02207a_BB1-TUM_mod_citrullination_l_13_01_01-DDA-1h-R1.mzML	44544	SVFTVEqqR*ILQR	C70H115N19O24	2
02207a_BB1-TUM_mod_citrullination_l_13_01_01-DDA-1h-R1.mzML	33009	SVSQER*LEDSVLmK	C67H116N18O27S	2
02207a_BB1-TUM_mod_citrullination_l_13_01_01-DDA-1h-R1.mzML	37088	SVSQER*LEDSVLMK	C67H116N18O26S	2
02207a_BB3-TUM_mod_citrullination_l_15_01_01-DDA-1h-R1.mzML	42389	TGTYR*QLFHPEQLITGK	C90H140N24O27	3
02207a_BB2-TUM_mod_citrullination_l_14_01_01-DDA-1h-R1.mzML	29270	TSEEER*qEIRqqIGTK	C78H130N22O35	3
02207a_BB1-TUM_mod_citrullination_l_13_01_01-DDA-1h-R1.mzML	27297	TSEEERqEIR*qqIGTK	C78H130N22O35	3
02207a_BB2-TUM_mod_citrullination_l_14_01_01-DDA-1h-R1.mzML	24836	TVEMR*DGEVIK	C53H92N14O20S	2
02207a_BB3-TUM_mod_citrullination_l_15_01_01-DDA-1h-R1.mzML	24719	TVEMR*DGEVIK	C53H92N14O20S	2
02207a_BB2-TUM_mod_citrullination_l_14_01_01-DDA-1h-R1.mzML	15339	TYmDVmR*EQHLTKEER	C86H139N25O32S2	4
02207a_BB2-TUM_mod_citrullination_l_14_01_01-DDA-1h-R1.mzML	27766	TYMDVMR*EQHLTKEER	C86H139N25O30S2	3
02207a_BB1-TUM_mod_citrullination_l_13_01_01-DDA-1h-R1.mzML	27107	VAKIGDFGmAR*	C51H84N14O16S	2
02207a_BB1-TUM_mod_citrullination_l_13_01_01-DDA-1h-R1.mzML	32562	VAKIGDFGmAR*DIYR	C76H121N21O23S	2
02207a_BB1-TUM_mod_citrullination_l_13_01_01-DDA-1h-R1.mzML	38091	VAKIGDFGMAR*DIYR	C76H121N21O22S	2
02207a_BB2-TUM_mod_citrullination_l_14_01_01-DDA-1h-R1.mzML	11618	VESREAGPSVDR*	C52H87N17O22	2
02207a_BB3-TUM_mod_citrullination_l_15_01_01-DDA-1h-R1.mzML	18045	VESR*EAGPSVDRDGGLR	C72H121N25O29	3
02207a_BB2-TUM_mod_citrullination_l_14_01_01-DDA-1h-R1.mzML	17399	VESREAGPSVDR*DGGLR	C72H121N25O29	3
02207a_BB3-TUM_mod_citrullination_l_15_01_01-DDA-1h-R1.mzML	52009	VNNLISDQDFFALR*SIK	C89H141N23O28	2
02207a_BB1-TUM_mod_citrullination_l_13_01_01-DDA-1h-R1.mzML	27020	VqKLEEQFR*SDAAmqK	C81H131N21O31S	2
02207a_BB1-TUM_mod_citrullination_l_13_01_01-DDA-1h-R1.mzML	29869	VqKLEEQFR*SDAAMqK	C81H131N21O30S	3
02207a_BB3-TUM_mod_citrullination_l_15_01_01-DDA-1h-R1.mzML	29649	VR*GEESEVTVGGLEPGR	C73H122N22O29	2
02207a_BB3-TUM_mod_citrullination_l_15_01_01-DDA-1h-R1.mzML	12269	VVDR*GnGSRPSSPEEVK	C74H123N23O30	2
02207a_BB3-TUM_mod_citrullination_l_15_01_01-DDA-1h-R1.mzML	49776	WEmAAqLR*EYQDLLnVK	C94H144N22O32S	2
02207a_BB3-TUM_mod_citrullination_l_15_01_01-DDA-1h-R1.mzML	57098	WEMAAqLR*EYQDLLnVK	C94H144N22O31S	2
02207a_BB1-TUM_mod_citrullination_l_13_01_01-DDA-1h-R1.mzML	39737	YFDR*INEnDPEYIR	C82H116N20O29	2
02207a_BB3-TUM_mod_citrullination_l_15_01_01-DDA-1h-R1.mzML	37837	YmR*LKEELqLSDEQLQK	C93H153N23O34S	3
02207a_BB3-TUM_mod_citrullination_l_15_01_01-DDA-1h-R1.mzML	37793	YMR*LKEELqLSDEQLQK	C93H153N23O33S	3
02207a_BB1-TUM_mod_citrullination_l_13_01_01-DDA-1h-R1.mzML	21996	YTGnTYR*VGDTYERPK	C84H124N22O30	3
02207a_BB1-TUM_mod_citrullination_l_13_01_01-DDA-1h-R1.mzML	20669	YTGNTYR*VGDTYERPK	C84H125N23O29	2
02207a_BB2-TUM_mod_citrullination_l_14_01_01-DDA-1h-R1.mzML	20380	YTGNTYRVGDTYER*PK	C84H125N23O29	3
02207a_BB2-TUM_mod_citrullination_l_14_01_01-DDA-1h-R1.mzML	19281	YTR*ISTGGGETEETLKK	C79H131N21O31	3
